track_id,cluster
2,2
5,2
10,4
140,0
141,1
148,4
182,4
190,3
193,3
194,3
197,0
200,3
203,3
204,3
207,0
210,3
211,3
212,2
213,1
255,1
256,4
368,2
424,3
459,4
534,3
540,3
546,3
574,4
602,0
615,0
620,3
621,3
625,3
666,3
667,3
676,2
690,4
694,2
695,4
704,4
705,4
706,2
707,4
708,2
709,2
714,2
715,1
716,3
718,3
777,2
814,1
821,0
822,1
825,4
853,3
890,3
892,4
897,4
993,2
995,4
997,4
998,4
1039,4
1040,4
1066,1
1069,4
1073,4
1075,2
1082,1
1083,4
1087,4
1102,1
1193,3
1195,1
1196,2
1197,1
1249,4
1259,4
1270,4
1276,4
1277,4
1278,1
1417,4
1427,1
1443,4
1482,1
1510,0
1544,0
1642,2
1644,4
1649,4
1661,4
1663,4
1666,2
1673,1
1680,3
1681,3
1682,3
1683,3
1684,3
1685,3
1686,3
1687,3
1688,3
1689,3
1701,3
1702,1
1703,1
1704,3
1706,4
1720,3
1732,2
1733,4
1735,4
1736,4
1883,4
1891,4
1893,1
1924,4
1925,2
1929,2
1930,4
2012,4
2096,3
2097,1
2099,3
3263,0
3264,0
3265,0
3266,0
3270,1
3271,0
3272,1
3273,1
3274,1
3492,3
3532,3
3533,3
3534,3
3535,3
3537,0
3538,0
3573,4
3598,3
3624,4
3707,2
3708,2
3720,4
3721,4
3722,4
3724,4
3725,3
3761,1
3762,2
3763,2
3765,1
3766,4
3775,2
3776,2
3777,2
3778,2
3779,2
3832,0
3833,4
3840,4
3880,0
3895,3
3896,3
3904,3
3905,2
3906,3
3908,2
3909,2
3910,3
3911,2
3912,3
3913,3
3920,1
3921,1
3950,2
4013,0
4017,0
4022,4
4037,2
4066,0
4067,0
4068,0
4069,3
4070,2
4071,2
4072,2
4073,2
4074,3
4075,3
4076,3
4077,3
4078,3
4079,3
4080,3
4091,3
4092,2
4093,3
4094,2
4095,3
4096,2
4097,2
4098,2
4099,3
4100,2
4101,2
4102,2
4103,3
4108,2
4232,3
4233,0
4234,3
4235,3
4236,0
4239,0
4450,0
4507,0
4508,0
4509,3
4510,3
4511,0
4519,2
4520,2
4521,1
4522,2
4682,4
4684,4
4685,4
4688,4
4777,4
4778,2
4779,2
4780,4
4781,4
4782,4
4784,4
4785,4
4786,4
4787,4
4788,4
4799,4
4835,3
4836,4
4838,3
4846,0
4848,0
4849,1
5006,4
5156,1
5157,0
5158,0
5159,0
5169,3
5170,0
5171,1
5191,4
5264,4
5268,2
5376,0
5381,0
5521,2
5879,3
5936,1
5940,3
6329,3
6330,3
6331,3
6332,1
6333,3
6342,3
6354,3
6357,4
6358,3
6360,2
6363,3
6366,2
6367,1
6368,3
6370,3
6372,3
6373,1
6376,3
6379,3
6380,3
6381,3
6382,2
6383,2
6385,3
6387,3
6389,3
6390,3
6393,3
6394,3
6396,3
6406,1
6407,1
6439,1
6440,1
6442,1
6443,1
6448,1
6459,3
6461,1
6463,2
6467,1
6469,1
6517,2
6519,2
6603,3
6605,3
6606,3
6607,2
6608,2
6609,2
6610,2
6611,2
6674,3
6675,4
6677,4
6679,4
6680,4
6684,4
6762,1
6776,2
6778,2
6779,1
6782,0
6783,1
6788,4
6802,1
6803,2
6854,3
6855,3
6856,3
6857,1
7011,1
7373,2
7374,2
7375,3
7376,3
7377,2
7378,0
7379,2
7381,0
7383,3
7385,3
7386,0
7388,1
7391,2
7393,1
7481,3
7482,4
7483,2
7487,2
7488,4
7489,2
7490,2
7491,4
7492,4
7495,4
7526,4
7527,2
7528,2
7529,2
7548,4
7554,1
7709,1
7710,1
7711,1
7712,0
7713,0
7872,2
8056,3
8208,1
8256,3
8259,2
8261,1
8345,1
8357,1
8363,4
8372,3
8416,3
9152,4
9155,1
9307,4
9476,0
9477,4
9491,4
9505,4
9511,4
9512,1
9513,4
9550,4
9553,2
9555,4
9557,2
9559,4
9560,4
9678,4
9721,4
9846,0
9887,1
9888,3
9918,4
9962,2
10186,2
10192,2
10250,1
10374,4
10375,1
10376,1
10377,1
10381,1
10382,1
10383,3
10384,4
10385,1
10386,4
10387,1
10388,3
10389,3
10435,2
10438,3
10439,1
10440,1
10441,2
10442,1
10443,2
10444,3
10447,4
10458,3
10480,4
10481,4
10485,4
10521,2
10527,2
10535,2
10541,0
10575,3
10577,2
10668,1
10669,4
10670,4
10671,4
10672,2
10673,4
10674,1
10675,0
10676,1
10677,4
10678,4
10679,4
10682,3
10684,4
10693,1
10694,0
10695,2
10696,4
10697,1
10698,1
10699,0
10805,3
10806,2
10807,4
10808,2
10809,4
10810,1
10983,4
10992,3
10993,4
11019,2
11020,2
11059,1
11198,3
11199,3
11200,0
11204,2
11206,0
11234,3
11237,4
11239,3
11242,3
11261,3
11262,2
11264,4
11268,2
11298,2
11299,2
11306,2
11333,1
11334,3
11503,3
11504,1
11505,3
11508,4
11544,3
11638,2
11671,2
11672,0
11673,2
11674,0
11675,1
11677,3
11679,2
11681,2
11682,0
11683,2
11763,2
11764,2
11765,2
11766,2
11767,2
11768,1
11769,2
11770,2
11771,2
11772,2
11773,2
11774,2
11775,2
11776,2
11777,4
11778,2
11779,4
11780,2
11781,1
11782,0
11783,2
11784,2
11785,2
11786,2
11787,1
11788,2
11789,2
11790,2
11791,2
11792,2
11793,2
11794,2
11795,2
11803,2
11818,2
11839,2
11861,2
11862,4
11867,4
11868,2
11916,2
11917,2
11918,2
11919,2
11920,2
11921,2
11922,2
11933,2
11937,2
11942,2
11946,3
11947,2
11951,2
12045,4
12046,4
12047,1
12048,1
12049,1
12050,4
12051,1
12052,3
12053,1
12058,3
12059,3
12060,4
12061,3
12062,1
12064,4
12065,4
12066,1
12067,1
12109,3
12146,4
12147,4
12173,2
12174,3
12179,1
12188,0
12189,2
12346,3
12348,3
12349,4
12350,4
12351,1
12352,3
12353,3
12355,1
12376,2
12387,1
12390,2
12394,3
12481,3
12482,3
12484,3
12485,4
12486,1
12487,2
12488,3
12489,4
12490,4
12508,4
12513,4
12514,4
12518,2
12521,2
12526,2
12527,1
12530,2
12531,2
12532,2
12537,1
12551,1
12552,2
12654,4
12690,2
12691,4
12692,3
12737,4
12985,2
12986,3
13191,0
13197,1
13199,2
13201,2
13218,3
13220,2
13325,2
13328,2
13362,1
13378,2
13474,3
13537,3
13538,2
13539,3
13540,3
13556,2
13561,2
13562,2
13566,2
13571,2
13578,2
13591,3
13596,2
13666,4
13668,2
13670,2
13706,2
13707,2
13708,2
13709,2
13710,4
13711,2
13735,2
13747,4
13748,4
13749,4
13767,2
13768,2
13804,1
13927,2
13928,3
13929,3
13930,4
14063,4
14208,2
14315,0
14316,0
14317,0
14318,0
14319,0
14320,0
14344,0
14358,2
14363,2
14365,2
14386,2
14391,2
14538,2
14539,3
14541,2
14542,3
14568,3
14569,3
14570,3
14571,3
14572,3
14576,3
14577,3
14578,3
14579,3
14580,3
14581,3
14583,3
14584,3
14585,3
14586,3
14588,2
14589,2
14590,1
14601,0
14602,0
14603,0
14604,0
14653,4
14661,4
14663,2
14684,4
14690,4
14693,4
14733,2
14734,2
14735,1
14736,2
14737,2
14738,2
14739,2
14740,2
14741,2
14742,2
14743,2
14744,2
14745,2
14809,0
14869,2
15094,3
15210,3
15464,1
15469,0
15471,1
15475,2
15476,2
15487,1
15488,4
15540,1
15541,3
15542,2
15543,3
15625,3
15769,2
15770,2
15771,2
15772,2
15773,2
15880,0
16095,2
16155,2
16158,3
16162,2
16163,3
16334,1
16337,2
16338,1
16339,1
16340,2
16354,3
16743,3
16744,3
16745,3
16747,3
16819,4
16820,4
16821,4
16822,2
16878,4
16879,2
16880,2
16895,4
16994,1
16995,2
16997,1
17132,2
17344,3
17345,3
17462,1
17491,2
17496,1
17499,2
17500,2
17573,1
17588,3
17605,3
17606,2
17607,1
17608,3
17609,0
17610,2
17611,0
17631,3
17632,3
17633,3
17634,3
17635,3
17636,3
17637,3
17644,1
17735,4
17782,2
17884,4
17906,2
18031,3
18032,3
18033,3
18034,3
18037,0
18038,0
18039,2
18043,3
18044,0
18112,4
18124,4
18144,2
18145,2
18146,2
18159,3
18197,4
18350,2
18607,1
18611,4
18876,2
18877,1
18887,2
19073,3
19074,2
19179,1
19184,3
19187,2
19192,4
19412,3
19413,3
19415,2
19416,2
19417,3
19418,2
19420,2
19422,1
19423,2
19425,2
19438,2
19439,2
19441,3
19442,2
19459,3
19673,3
19674,1
19685,4
19689,2
19707,2
19708,3
19729,2
19758,2
19759,2
19760,2
19889,3
19890,3
19891,3
20050,2
20296,1
20361,3
20362,3
20364,3
20365,2
20366,1
20369,0
20372,1
20373,3
20374,4
20375,3
20376,3
20424,1
20432,2
20469,4
20667,4
20704,4
20818,2
21058,0
21085,4
21087,1
21167,2
21228,2
21231,2
21232,4
21400,4
21401,2
21402,0
21403,4
21404,4
21409,3
21422,4
21565,2
21587,3
21657,4
21672,4
21676,4
21677,2
21707,3
21774,0
21842,0
21859,4
21860,4
21891,2
21895,4
21995,4
21996,2
21997,2
21998,4
21999,2
22000,4
22001,4
22088,2
22091,2
22093,2
22094,2
22095,2
22097,1
22150,3
22295,2
22296,2
22315,2
22348,3
22472,1
22473,3
22474,1
22475,3
22476,4
22477,1
22478,1
22479,3
22480,3
22481,1
23010,2
23013,2
23014,2
23015,2
23016,3
23037,2
23039,2
23041,1
23063,1
23155,1
23156,4
23172,2
23329,0
23353,0
23355,2
23371,1
23372,2
23505,2
23862,2
24216,1
24217,1
24218,3
24362,3
24363,3
24364,3
24365,3
24366,3
24367,1
24368,4
24369,2
24370,3
24371,3
24418,2
24420,4
24421,4
24422,2
24423,4
24424,4
24425,3
24426,4
24427,2
24428,2
24429,1
24430,4
24431,1
24432,2
24512,4
24515,1
24521,1
24524,1
24698,2
24699,2
24700,3
24701,1
24702,3
24717,1
24720,3
24739,0
24741,0
24742,0
24745,0
24746,0
24747,0
24748,0
24749,0
24842,0
24898,1
24899,1
24901,0
24912,1
24915,1
24917,0
24963,4
24975,3
24983,3
25028,0
25029,0
25030,0
25031,0
25032,0
25033,0
25055,1
25063,2
25066,2
25104,4
25124,4
25215,0
25216,0
25227,0
25232,0
25233,0
25234,0
25235,0
25324,4
25378,2
25601,2
25603,2
25605,2
25606,0
25608,2
25609,4
25668,3
25669,3
25670,3
25795,2
25796,2
25797,2
25802,2
25804,2
26007,2
26008,2
26010,2
26011,2
26012,2
26013,2
26014,2
26016,2
26017,2
26020,2
26021,2
26022,2
26025,1
26026,2
26034,2
26035,2
26036,2
26169,2
26174,4
26298,2
26301,0
26302,2
26307,2
26322,1
26464,2
26465,2
26466,0
26583,1
26600,0
26605,3
26629,2
26638,4
26639,3
26640,1
26641,4
26642,2
26643,4
26651,2
26652,2
26653,2
26654,3
26655,2
26656,2
26657,3
26658,3
26659,2
26674,4
26681,3
26754,1
26765,0
26859,2
26861,2
26902,3
26904,2
26905,3
26906,2
27164,2
27177,2
27194,2
27195,2
27197,2
27198,2
27258,2
27406,2
27454,1
27455,3
27456,1
27547,0
27548,1
27549,1
27550,1
27551,1
27552,1
27609,2
27610,3
27611,2
27612,3
27613,2
27667,2
27673,2
27797,1
27798,2
27799,2
27802,2
27803,2
27804,2
27805,4
27855,1
27856,3
27866,0
27945,2
27953,0
27975,1
27978,3
27981,3
27987,1
28070,4
28072,4
28179,4
28241,3
28260,4
28266,3
28274,1
28375,3
28376,3
28477,4
28478,2
28479,4
28480,4
28481,3
28482,4
28483,4
28484,4
28485,4
28546,2
28548,1
28553,1
28571,3
28608,1
28692,4
28802,4
29037,2
29039,2
29040,1
29041,2
29042,0
29043,2
29044,2
29045,2
29128,4
29180,1
29243,2
29245,2
29255,3
29271,2
29272,2
29350,3
29351,3
29355,4
29465,4
29480,4
29526,2
29528,3
29530,3
29587,2
29602,2
29673,2
29718,2
29719,2
29720,2
29721,2
29738,2
29739,2
29740,4
29741,2
29742,2
29744,2
29745,2
29746,2
29747,4
29750,0
29752,4
29807,4
29813,4
29816,2
29961,2
29971,3
30041,4
30043,2
30050,4
30056,4
30058,4
30059,2
30090,2
30095,2
30120,1
30196,1
30198,3
30230,2
30316,0
30486,2
30487,2
30488,2
30519,4
30520,4
30521,2
30522,2
30636,0
30682,2
30690,0
30702,0
30740,1
30895,2
31040,2
31041,2
31042,2
31043,1
31044,4
31165,4
31356,1
31389,0
31390,3
31391,3
31392,3
31568,2
31807,2
31887,3
31888,3
31889,3
31999,1
32001,4
32021,4
32075,4
32081,3
32218,2
32325,3
32326,1
32327,1
32328,1
32329,2
32330,1
32331,1
32332,1
32333,0
32334,3
32335,0
32336,3
32337,2
32338,0
32339,3
32340,1
32433,4
32435,2
32437,4
32438,4
32439,4
32525,3
32686,2
32687,2
32689,2
32693,2
32694,2
32695,2
32755,2
32756,2
32759,3
32760,2
32800,3
32882,4
33020,3
33049,3
33050,3
33064,4
33067,2
33068,2
33069,2
33070,2
33071,2
33072,2
33123,4
33124,1
33203,3
33216,1
33221,2
33278,1
33415,0
33422,3
33424,2
33426,3
33446,4
33459,2
33460,0
33461,4
33465,0
33477,0
33486,0
33538,2
33992,4
34003,3
34147,2
34167,3
34257,1
34258,1
34263,1
34484,3
34510,0
34511,1
34994,4
34996,1
35007,2
35008,0
35182,1
35184,1
35198,4
35199,4
35204,3
35296,1
35299,4
35443,2
35444,1
35462,1
35527,4
35534,4
35535,4
35537,4
35539,4
35541,4
35543,4
35544,1
35545,1
35549,1
35550,1
35569,2
35571,4
35608,3
35734,2
36096,2
36097,1
36099,2
36143,1
36144,2
36145,0
36146,1
36147,3
36245,1
36257,0
36258,2
36261,0
36272,1
36273,1
36275,3
36277,3
36302,2
36304,2
36322,2
36333,2
36371,4
36380,2
36388,2
36428,2
36435,2
36481,4
36526,2
36560,1
36567,1
36614,2
36615,2
36616,2
36618,2
36643,3
36659,2
36799,1
36959,1
36961,1
36965,1
36966,2
36983,2
36984,2
36985,2
36986,4
36987,1
36988,4
36990,2
36992,4
36994,2
36997,2
36998,2
36999,3
37041,4
37111,1
37113,4
37119,1
37121,0
37131,4
37136,2
37141,3
37147,3
37324,2
37325,2
37368,4
37369,3
37416,2
37417,4
37423,2
37538,1
37592,4
37725,3
37727,3
37730,3
37731,3
37779,4
37781,4
37784,2
37859,4
37911,1
37920,2
38312,1
38321,2
38323,2
38326,2
38351,2
38352,2
38353,2
38354,1
38361,1
38362,1
38363,2
38365,0
38399,3
38435,2
38450,1
38522,2
38557,3
38560,1
38775,4
38776,4
38777,4
38778,4
38779,3
38780,3
38781,4
38782,3
38783,2
38784,4
38785,3
38817,3
38818,3
38819,3
38820,3
38821,2
38822,3
38823,3
38824,3
38825,3
38826,3
38827,3
38828,2
38829,3
38830,3
38833,3
38834,1
38847,1
38859,1
38878,2
38879,0
38880,0
38881,0
38882,0
38884,1
38886,2
38887,2
38888,1
38890,0
38891,1
38892,0
38893,0
38894,0
38895,0
38896,1
38898,1
38899,2
38900,2
38901,2
38902,2
38904,2
38905,2
38906,0
38907,0
38908,2
38910,0
38911,2
38912,0
38914,0
38955,4
38961,4
38964,0
38965,0
38966,0
38967,1
39188,1
39259,1
39278,2
39291,2
39298,2
39316,4
39317,4
39318,4
39357,2
39359,4
39378,1
39484,2
39488,3
39530,4
39605,2
39607,3
39658,3
39659,3
39660,3
39661,3
39662,3
39663,3
39664,3
39665,3
39666,3
39667,0
39875,1
39900,3
39904,3
40121,4
40122,4
40123,1
40133,2
40134,2
40139,4
40141,4
40147,1
40161,3
40180,4
40182,4
40229,1
40230,1
40231,4
40232,4
40233,4
40234,1
40235,3
40236,1
40237,3
40238,1
40239,4
40240,4
40241,4
40242,4
40243,1
40244,4
40245,1
40250,1
40509,2
40525,3
40541,2
40542,2
40598,3
40654,1
40655,1
40656,3
40657,1
40658,1
40659,2
40660,3
40683,2
40725,1
40842,2
40843,4
40844,4
40845,2
40851,2
40903,2
40908,1
40909,3
40938,4
40940,4
40984,2
40985,4
40986,4
41018,3
41019,3
41020,2
41054,4
41095,4
41147,4
41191,4
41192,4
41310,3
41381,4
41568,1
41570,1
41573,1
41605,1
41709,4
41714,4
41812,2
41819,2
41820,2
41825,4
41961,3
41962,4
41965,3
41971,4
41983,1
42014,2
42016,2
42017,2
42018,2
42019,2
42020,3
42023,3
42025,3
42029,2
42030,3
42031,4
42040,4
42044,4
42045,2
42046,4
42048,4
42119,1
42126,1
42129,3
42135,3
42138,1
42139,0
42141,3
42146,3
42234,2
42235,1
42236,1
42238,1
42240,2
42241,2
42243,3
42245,2
42247,3
42310,1
42372,2
42373,2
42374,0
42375,2
42376,2
42377,2
42442,2
42463,3
42475,2
42648,3
42659,3
42751,2
42761,2
42789,4
42844,4
42851,1
42911,4
42914,4
42915,3
42966,2
42984,4
43016,0
43018,2
43019,0
43020,0
43021,0
43022,3
43023,0
43024,1
43025,0
43026,3
43027,0
43028,3
43029,0
43030,3
43063,0
43172,1
43173,1
43516,3
43517,3
43518,3
43519,3
43520,3
43521,3
43533,3
43534,3
43535,3
43536,3
43585,3
43586,3
43587,3
43588,3
43589,3
43590,3
43592,3
43593,3
43594,3
43595,3
43596,3
43598,3
43599,2
43600,1
43608,2
43621,0
43623,3
43691,1
43695,4
43696,3
43697,4
43698,4
43699,4
43761,4
43765,3
43766,3
43767,3
43768,3
43773,1
43796,4
43842,1
43843,3
43844,2
43856,2
43857,2
43858,2
43859,2
43860,2
43861,2
43863,4
43865,2
43866,2
43867,2
43868,2
43869,2
43883,2
43886,4
43899,4
43911,2
43962,3
43965,4
44092,1
44110,0
44169,1
44236,1
44342,1
44347,3
44354,4
44355,0
44777,3
44778,3
44779,3
44780,3
44781,0
44782,2
44791,4
44792,4
44793,3
44794,3
44795,1
44796,2
44797,3
44798,4
44799,2
44800,3
44801,2
44802,4
44803,0
44804,4
44805,2
44806,1
44809,2
44820,4
44821,4
44822,4
44823,4
44848,0
44849,1
44850,3
44851,0
44853,1
44854,4
44917,4
44918,4
44946,2
44947,4
44948,2
44949,4
44950,2
44951,4
44952,4
45055,4
45099,2
45100,4
45101,2
45102,2
45103,4
45119,4
45122,2
45125,2
45126,1
45127,4
45128,4
45149,2
45150,2
45151,2
45152,4
45153,2
45154,4
45335,4
45387,2
45388,3
45389,3
45390,1
45391,1
45392,1
45393,3
45474,2
45475,2
45508,4
45513,1
45514,3
45515,4
45516,3
45517,3
45518,1
45519,1
45520,4
45521,2
45522,3
45523,4
45934,1
45941,1
46024,4
46043,3
46058,0
46068,4
46078,4
46079,4
46157,1
46158,2
46159,2
46160,3
46161,0
46162,0
46238,3
46241,3
46525,1
46611,3
46711,0
46717,0
46718,0
46720,0
46726,2
46732,1
46733,1
46736,2
46839,2
46840,2
46841,2
46842,2
46844,2
46846,2
46854,4
46855,4
46928,3
46930,3
47032,2
47068,2
47069,2
47070,2
47071,3
47072,3
47073,3
47074,2
47075,3
47076,2
47077,2
47100,3
47192,2
47193,2
47194,4
47195,4
47196,2
47197,4
47198,2
47199,2
47200,4
47201,4
47202,2
47260,2
47471,3
47506,2
47510,4
47526,3
47628,3
47657,2
47658,2
47659,2
47660,3
47661,2
47662,3
47663,4
47665,1
47666,2
47670,3
47671,0
47707,4
47826,1
47835,2
47865,3
47868,3
47894,2
47895,4
47896,2
47897,2
47916,4
47921,4
48015,2
48042,1
48043,1
48044,1
48046,1
48269,4
48293,4
48307,1
48317,0
48367,1
48368,4
48369,4
48437,2
48439,2
48440,2
48442,2
48443,2
48444,3
48446,1
48450,1
48452,3
48453,1
48454,0
48456,3
48457,1
48462,4
48463,2
48464,3
48465,3
48466,2
48488,1
48489,4
48491,2
48492,4
48493,2
48494,1
48763,4
48808,3
48815,2
48861,1
48862,4
48863,1
48864,2
48865,4
48931,1
48990,0
48999,4
49029,1
49030,1
49039,4
49061,4
49062,4
49064,4
49066,2
49067,4
49068,4
49070,2
49071,4
49072,4
49073,4
49394,3
49401,3
49407,4
49408,2
49441,4
49473,2
49476,4
49477,3
49478,2
49479,2
49812,4
49817,4
49842,2
49843,3
49844,3
49845,3
49846,1
49847,3
49848,3
49849,3
49856,3
49857,1
50264,4
50272,4
50276,3
50283,1
50323,0
50444,4
50445,4
50446,4
50447,4
50448,4
50449,0
50539,4
50543,4
50752,4
50753,4
50754,4
50836,4
50952,3
50955,1
50956,1
51004,0
51005,2
51006,2
51111,2
51112,2
51113,0
51114,0
51115,0
51117,0
51118,0
51120,4
51157,1
51158,1
51203,2
51260,2
51261,2
51262,1
51263,2
51265,2
51267,2
51268,3
51269,2
51271,2
51272,1
51273,2
51274,2
51275,2
51276,2
51278,1
51291,1
51292,4
51301,4
51305,1
51333,2
51479,1
51655,2
51659,3
51661,0
51776,1
51784,2
51785,2
51918,4
51919,4
51923,4
51954,2
51991,2
51992,2
51998,1
51999,1
52000,1
52001,0
52034,2
52035,1
52036,2
52037,3
52039,3
52040,4
52041,4
52042,2
52044,3
52045,1
52118,3
52119,3
52120,3
52121,2
52122,3
52123,3
52124,1
52125,3
52126,2
52127,3
52128,3
52129,1
52141,1
52375,4
52380,1
52389,2
52393,4
52409,4
52446,1
52447,0
52448,2
52449,1
52451,0
52452,1
52500,3
52501,3
52502,3
52508,3
52522,4
52579,2
52628,2
52629,2
52630,2
52631,2
52632,2
52633,2
52634,2
52635,2
52636,2
52637,2
52638,2
52639,2
52641,2
52642,1
52644,2
52645,4
52646,2
52647,2
52648,1
52649,2
52650,1
52859,3
52860,4
52861,3
52862,3
52945,3
52946,1
52947,3
52948,3
52950,1
52951,1
52953,1
52954,3
52955,3
53152,2
53154,2
53156,2
53157,2
53158,4
53159,2
53160,2
53228,1
53229,1
53299,2
53300,1
53301,2
53302,2
53379,4
53381,3
53457,2
53496,2
53576,3
53578,3
53586,4
53587,4
53588,4
53589,4
53591,4
53592,4
53675,0
53723,2
53724,1
53725,3
53726,3
53727,2
53728,2
53729,1
53807,4
53862,2
53863,2
53937,4
54019,4
54031,3
54032,4
54033,1
54034,4
54037,4
54039,4
54061,3
54062,3
54063,3
54064,3
54149,2
54150,2
54151,2
54152,2
54153,1
54154,3
54155,4
54156,2
54158,1
54159,1
54160,0
54163,4
54234,2
54235,3
54236,2
54237,2
54297,3
54335,2
54365,2
54376,2
54433,2
54436,1
54437,1
54438,2
54442,2
54443,2
54463,2
54464,1
54465,2
54466,2
54467,2
54468,2
54469,1
54470,2
54475,1
54476,2
54479,2
54480,2
54481,1
54482,1
54496,0
54554,4
54568,4
54570,4
54576,1
54578,3
54580,3
54621,4
54623,4
54624,4
54625,4
54626,4
54662,2
54664,1
54665,1
54666,1
54667,1
54703,3
54719,2
54735,4
54753,2
54874,4
54942,4
55076,4
55097,3
55100,4
55101,4
55102,2
55113,2
55119,2
55120,2
55121,2
55122,2
55123,2
55124,4
55149,4
55183,2
55186,2
55231,4
55232,2
55233,2
55234,2
55235,2
55236,2
55237,4
55238,1
55240,2
55241,2
55242,2
55285,4
55286,3
55287,2
55288,2
55289,4
55290,4
55291,4
55292,4
55293,3
55294,2
55295,2
55402,4
55430,3
55436,4
55437,4
55480,2
55481,4
55549,2
55572,4
55709,2
55710,1
55711,2
55712,2
55713,4
55714,2
55715,4
55716,4
55717,4
55718,2
55719,4
55782,2
55783,2
55786,1
55807,2
55808,4
55809,4
55810,4
55811,4
55826,3
55827,3
55828,3
55830,3
55831,3
55832,3
55833,3
55900,2
56010,1
56015,1
56020,1
56028,4
56029,4
56030,2
56031,3
56033,0
56034,2
56036,2
56247,1
56248,2
56249,3
56273,2
56274,3
56275,2
56460,4
56465,3
56466,3
56467,3
56468,4
56469,3
56470,3
56471,3
56472,3
56474,3
56493,4
56495,4
56496,3
56497,2
56498,4
56499,2
56516,3
56517,3
56518,3
56519,3
56520,3
56521,3
56523,2
56552,4
56559,4
56639,2
56640,2
56641,3
56645,2
56646,3
56648,3
56649,2
56650,2
56651,2
56686,2
56687,2
56688,2
56689,2
56690,2
56691,3
56692,4
56693,2
56694,2
56695,2
56696,2
56795,0
56796,2
56797,2
56798,2
56799,2
56800,1
56801,2
56802,1
56803,2
56804,1
56805,1
56874,4
56888,1
56895,2
56929,4
57078,4
57164,2
57175,4
57176,2
57177,2
57178,2
57179,0
57180,4
57271,0
57272,1
57273,0
57274,1
57344,2
57360,3
57371,4
57417,2
57418,2
57435,4
57437,1
57439,4
57440,4
57442,3
57500,4
57540,4
57569,3
57626,1
57627,1
57628,1
57629,1
57630,1
57639,2
57640,0
57648,0
57658,1
57661,4
57662,2
57663,4
57665,2
57691,3
57697,2
57819,4
57820,4
57821,3
57822,4
57823,1
57891,4
57892,4
57936,3
57937,2
57938,2
57939,1
57943,3
57968,1
58052,4
58053,0
58054,4
58060,1
58061,1
58063,2
58068,3
58070,3
58115,4
58116,4
58117,2
58135,4
58140,4
58161,2
58162,3
58164,3
58166,2
58169,3
58170,1
58173,1
58174,2
58207,4
58212,2
58213,4
58215,4
58221,4
58225,4
58333,4
58334,4
58341,4
58474,4
58539,4
58540,4
58541,4
58542,4
58543,4
59078,1
59373,3
59374,3
59443,4
59445,4
59446,4
59448,4
59449,4
59451,4
59454,4
59561,4
59562,4
59581,3
59653,3
59654,3
59656,3
59657,3
59658,3
59659,3
59660,1
59663,3
59664,3
59666,3
59667,4
59669,3
59671,3
59673,3
59675,3
59676,4
59677,3
59678,3
59679,3
59680,3
59681,3
59682,3
59683,3
59684,3
59685,3
59686,3
59687,3
59688,3
59695,3
59702,4
59706,3
59707,3
59708,3
59709,3
59710,3
59711,3
59718,3
59719,3
59720,3
59721,3
59723,3
59724,3
59725,3
59726,3
59727,3
59823,2
59876,2
59930,1
60037,0
60038,2
60041,2
60042,2
60045,0
60048,1
60074,3
60143,3
60144,4
60145,2
60146,2
60170,1
60317,0
60331,2
60472,2
60474,3
60476,2
60477,2
60478,4
60510,2
60533,3
60534,4
60535,3
60536,3
60537,3
60544,3
60547,3
60548,3
60549,3
60736,4
60753,4
60754,4
60755,4
60756,2
60757,4
60758,4
60775,3
60776,3
60777,3
60857,3
60864,3
60865,3
60871,3
60872,3
60873,3
60874,3
60875,3
60994,3
61006,1
61007,0
61008,0
61010,3
61011,1
61012,2
61013,1
61159,4
61160,2
61161,4
61172,2
61174,4
61175,4
61452,2
61453,2
61491,4
61492,4
61493,4
61587,2
61589,2
61591,2
61592,2
61668,4
61670,2
61679,4
61734,1
61736,1
61742,3
61814,4
61820,1
61821,1
61884,4
62001,3
62003,2
62005,4
62007,4
62163,2
62164,2
62165,3
62180,1
62183,2
62184,3
62185,4
62186,2
62187,2
62188,3
62189,4
62190,2
62191,2
62192,2
62193,2
62194,2
62195,4
62196,2
62337,4
62426,2
62436,2
62445,4
62446,1
62448,0
62449,1
62450,2
62452,2
62458,4
62525,2
62526,2
62527,2
62528,2
62529,3
62531,2
62532,2
62533,2
62534,1
62586,4
62589,2
62591,3
62592,2
62594,3
62595,2
62596,2
62655,4
62671,2
62742,0
62748,2
62749,2
62750,2
62751,2
62753,3
63043,4
63044,4
63045,4
63064,3
63065,4
63117,4
63149,1
63159,2
63161,3
63191,4
63208,2
63224,4
63226,3
63250,4
63251,4
63252,1
63253,4
63255,4
63257,4
63258,4
63287,3
63289,1
63290,1
63291,3
63292,4
63456,3
63457,4
63470,4
63471,4
63472,4
63626,0
63655,1
63733,4
63747,4
63755,4
63757,4
63770,4
63789,4
63803,2
63804,2
63805,2
63874,2
63900,2
63908,4
63922,2
63936,4
63999,4
64005,4
64006,4
64007,4
64008,2
64009,4
64035,4
64078,4
64079,4
64091,0
64093,2
64247,3
64248,3
64249,3
64252,3
64253,4
64331,4
64332,4
64333,2
64334,4
64338,2
64364,2
64365,2
64366,3
64407,1
64408,2
64409,2
64410,2
64515,2
64516,2
64517,2
64519,2
64520,3
64521,2
64522,2
64523,4
64535,1
64536,4
64537,2
64538,2
64542,2
64553,3
64556,3
64567,4
64590,3
64591,3
64592,3
64593,3
64594,4
64601,2
64604,2
64618,2
64625,2
64626,2
64627,2
64628,4
64629,2
64630,2
64631,2
64659,3
64787,2
64788,1
64789,3
64796,4
64809,1
64834,4
64840,4
64841,4
64854,4
64855,4
64856,1
64857,2
64858,2
64859,4
64860,4
64861,2
64862,1
64863,2
64864,4
64865,1
64866,2
64893,1
64895,2
64896,1
64918,4
64919,4
64988,2
64989,2
64990,2
64991,2
64992,2
64993,2
64994,1
64995,2
65037,1
65038,1
65039,3
65040,1
65063,4
65064,4
65073,2
65076,1
65077,1
65090,0
65234,1
65265,2
65488,1
65619,3
65683,3
65685,1
65745,4
65752,2
65755,4
65756,4
65777,0
65779,2
65780,0
65893,2
66058,1
66073,2
66074,1
66075,4
66076,4
66180,3
66187,3
66390,2
66394,4
66405,4
66469,4
66482,4
66483,4
66525,3
66534,4
66535,4
66536,4
66537,4
66538,4
66539,4
66636,1
66637,1
66638,1
66641,2
66643,2
66644,3
66646,3
66648,2
66649,0
66650,3
66689,1
66690,2
66717,4
66757,2
66782,2
66783,2
67007,2
67010,2
67011,2
67016,2
67017,1
67121,2
67163,4
67232,3
67233,2
67235,3
67237,2
67308,0
67330,3
67331,3
67332,3
67333,2
67334,3
67336,4
67357,3
67358,4
67359,2
67360,3
67361,3
67362,2
67363,3
67364,1
67365,3
67366,3
67367,3
67368,2
67412,4
67457,2
67470,2
67500,4
67553,2
67556,3
67557,3
67558,3
67597,3
67598,3
67600,3
67637,0
67638,4
67639,2
67640,3
67660,1
67661,2
67673,4
67707,2
67760,4
67763,3
67764,3
67765,3
67766,3
67784,2
67793,2
67829,2
68353,2
68354,2
68355,3
68356,3
68404,4
68407,4
68410,4
68444,2
68531,2
68536,1
68537,1
68538,1
68539,3
68540,3
68541,3
68543,1
68549,1
68551,3
68573,0
68579,1
68582,1
68587,2
68592,2
68600,2
68601,4
68680,3
68682,3
68683,1
68820,4
68821,2
68837,3
68838,3
68839,3
68840,3
68841,3
68842,3
68843,3
68844,3
68851,1
68852,3
68853,3
68854,3
68860,3
68861,3
68862,3
68869,1
68872,0
68875,4
68891,2
68892,2
68893,2
68894,4
68895,2
68896,2
68897,2
68898,2
68899,4
68909,2
69001,2
69002,0
69170,2
69181,3
69182,1
69188,1
69193,4
69194,4
69195,1
69196,2
69197,1
69198,2
69199,1
69200,2
69201,2
69202,4
69203,1
69204,1
69205,2
69206,1
69207,1
69208,3
69209,4
69210,2
69211,2
69221,3
69222,4
69223,4
69303,3
69554,4
69555,4
69561,4
69563,4
69564,4
69567,3
69682,1
69723,1
69726,4
69727,4
69732,2
69744,1
69745,1
69746,4
69747,4
69761,3
69762,3
69763,1
69764,4
69765,2
69766,4
69767,1
69768,1
69781,4
69784,2
69785,2
69787,2
69788,1
69789,3
69791,4
69792,3
69793,2
69798,3
69822,1
69823,2
69824,2
69825,2
69826,2
69827,2
69828,4
69830,2
69833,2
69904,4
69947,4
69949,3
69985,2
70002,0
70005,0
70174,3
70206,2
70207,3
70208,2
70299,1
70300,2
70301,1
70302,1
70303,1
70402,4
70403,4
70409,4
70423,4
70424,4
70425,4
70426,4
70654,2
70655,2
70657,2
70660,4
70768,1
70770,2
70772,2
70773,2
70774,2
70775,2
70813,4
70873,0
70875,0
70878,1
70879,1
71096,1
71133,3
71157,2
71158,2
71172,2
71173,2
71174,4
71175,2
71216,4
71225,2
71228,2
71230,2
71231,2
71240,4
71241,4
71242,2
71243,4
71244,2
71245,2
71246,4
71247,4
71248,4
71249,4
71250,4
71251,4
71252,4
71253,2
71254,4
71255,2
71276,4
71303,2
71304,2
71371,4
71372,4
71420,1
71503,2
71506,4
71507,4
71508,4
71509,2
71510,4
71511,4
71512,2
71513,4
71514,4
71515,2
71516,2
71617,4
71620,4
71622,4
71690,2
71691,2
71692,2
71693,0
71694,2
71695,2
71709,4
71711,4
71714,3
71715,4
71719,4
71721,4
71722,1
71822,1
71884,4
71885,1
71937,1
71938,2
72046,2
72047,2
72050,2
72056,2
72058,2
72059,0
72064,2
72067,3
72068,4
72069,4
72070,4
72071,4
72072,4
72073,2
72074,2
72075,1
72076,2
72129,4
72130,2
72131,2
72134,2
72135,2
72136,2
72146,2
72149,4
72200,3
72206,2
72210,2
72215,2
72232,4
72233,4
72234,2
72287,3
72288,4
72289,4
72290,4
72456,4
72468,2
72476,1
72477,2
72513,2
72514,2
72562,3
72565,3
72570,3
72604,3
72605,0
72607,0
72612,3
72738,4
72781,1
72782,2
72783,2
72784,2
72785,2
72786,2
72787,2
72788,2
72789,2
72790,2
72926,3
72927,4
72928,4
72930,1
73087,3
73099,1
73100,1
73123,4
73124,3
73125,2
73169,3
73170,0
73171,3
73172,0
73174,0
73175,3
73192,4
73193,4
73306,4
73309,2
73318,2
73335,2
73340,1
73341,2
73342,4
73343,2
73344,4
73363,2
73365,2
73366,2
73367,2
73368,2
73369,4
73370,2
73371,2
73372,2
73465,2
73466,2
73467,3
73468,2
73469,0
73486,4
73494,3
73495,4
73519,4
73520,4
73521,4
73522,4
73550,2
73551,2
73560,4
73561,4
73564,4
73565,2
73566,0
73568,3
73572,1
73573,1
73580,0
73584,3
73585,3
73587,0
73658,1
73675,3
73760,2
73761,2
73762,2
73763,1
73764,2
73765,3
73766,4
73767,4
73768,2
73769,2
73770,4
73771,2
73772,3
73773,2
73774,4
73775,1
73776,3
73777,3
73778,2
73779,1
73792,4
73797,3
73819,0
73820,0
73821,0
73822,0
73921,2
74002,3
74302,2
74347,1
74348,2
74362,2
74365,4
74370,3
74371,2
74372,3
74373,2
74374,3
74375,1
74376,1
74377,0
74378,4
74380,4
74381,2
74382,3
74383,2
74384,2
74385,1
74386,4
74387,1
74388,1
74389,3
74390,4
74391,4
74392,4
74393,2
74421,3
74445,1
74546,3
74669,3
74671,3
74706,4
74908,4
74937,2
74942,4
74945,3
74954,2
74955,2
74959,1
74960,4
75194,2
75211,3
75221,4
75230,4
75304,2
75310,2
75314,2
75317,3
75371,4
75372,4
75373,4
75374,2
75375,4
75376,2
75377,2
75378,2
75379,4
75380,4
75381,2
75383,4
75386,4
75389,4
75390,2
75391,4
75393,4
75395,2
75396,2
75398,2
75399,4
75401,4
75403,4
75412,3
75415,4
75417,4
75418,4
75419,2
75420,4
75425,4
75427,4
75428,2
75429,1
75430,2
75431,1
75432,1
75433,1
75434,1
75435,3
75436,1
75437,2
75438,3
75439,1
75440,3
75441,4
75442,4
75443,3
75607,1
75612,4
75692,4
75745,2
75746,4
75747,4
75748,4
75749,3
75750,2
75751,0
75752,2
75754,4
75755,4
75762,2
75763,1
75764,2
75782,2
75783,4
75784,3
75785,2
75786,2
75787,4
75788,4
75844,1
75862,3
75866,3
75869,2
75883,1
75903,4
75908,4
75925,4
75926,2
75927,2
75928,2
75929,4
75930,4
75931,4
75932,4
75933,2
75935,2
75936,2
75937,4
75975,0
76036,0
76069,3
76071,3
76072,3
76073,3
76074,0
76075,3
76076,3
76077,3
76078,3
76079,3
76121,4
76128,2
76129,2
76130,4
76131,4
76363,3
76375,0
76381,0
76437,3
76440,2
76654,4
76659,3
77517,1
77519,3
77521,1
77522,1
77523,1
77564,2
77571,4
77572,2
77952,3
78038,0
78156,3
78213,3
78516,4
78833,2
78834,2
78839,4
78841,4
78843,2
78845,2
78847,3
78848,2
78849,2
78850,4
78851,4
78852,2
78984,2
78998,2
79087,1
79575,4
79593,1
79605,2
79606,2
79610,2
79616,2
79741,3
79973,0
79975,1
79977,1
79978,2
79985,3
79986,2
79988,3
79990,2
79995,3
80000,1
80001,2
80002,2
80003,2
80004,1
80005,1
80035,4
80293,2
80341,2
80351,3
80389,1
80402,2
80515,4
80516,4
80517,4
80518,2
80519,4
80520,2
80611,2
80680,3
80686,3
80687,3
80693,4
80694,4
80695,3
80696,3
80697,4
80751,1
80753,1
80754,1
80755,1
80756,1
80758,1
80765,1
80766,2
80772,3
80773,4
80774,4
80775,4
80776,4
80793,2
80833,2
80834,2
80835,2
80836,2
81033,3
81037,2
81071,1
81082,3
81083,3
81084,2
81085,3
81189,4
81193,2
81194,2
81195,2
81362,0
81365,1
81436,0
81457,1
81485,0
81491,2
81512,2
81523,1
81543,2
81554,2
81555,1
81565,2
81576,2
81586,2
81600,1
81612,2
81613,2
81623,2
81638,1
81650,1
81660,1
81781,1
81782,0
81792,1
81802,1
81803,0
81814,0
81868,4
81895,2
81938,3
81945,3
81946,3
81988,1
81999,2
82157,3
82231,2
82237,0
82242,0
82250,2
82410,0
82462,1
82464,1
82505,3
82507,2
82628,1
82629,1
82630,4
82631,1
82778,2
82780,2
82881,2
82886,1
82890,1
82892,3
82893,3
82914,2
82915,1
82916,3
82917,2
82918,1
82919,3
82920,3
82921,2
82928,3
82929,3
82930,2
82931,2
82932,2
83437,0
83438,3
83439,3
83440,3
83507,1
83509,3
83511,1
83512,3
83558,2
83600,0
83612,1
83613,3
83715,4
83717,4
83718,2
83719,2
83789,4
83790,4
83791,4
83898,4
83903,3
83906,4
83908,3
83911,3
83913,3
83954,4
83960,4
83969,2
84009,0
84054,1
84055,2
84056,2
84057,2
84058,2
84091,4
84095,2
84096,2
84097,4
84111,2
84135,3
84136,3
84139,2
84141,2
84142,1
84144,1
84152,4
84154,3
84155,1
84156,4
84157,3
84158,4
84159,1
84195,1
84198,1
84200,2
84201,0
84202,1
84264,4
84290,4
84291,4
84405,3
84417,2
84423,2
84483,4
84484,3
84485,2
84486,4
84605,4
84736,3
84743,4
84757,4
84768,4
84777,2
84788,2
84817,2
85027,1
85038,0
85039,1
85040,2
85041,2
85290,3
85291,3
85307,4
85308,2
85309,4
85310,4
85311,2
85317,2
85318,4
85343,2
85346,3
85347,2
85400,4
85419,4
85420,4
85421,2
85422,4
85423,4
85424,3
85425,4
85426,4
85427,1
85428,4
85436,3
85438,0
85482,3
85484,3
85485,1
85486,2
85487,2
85488,3
85489,3
85490,3
85491,2
85492,2
85494,1
85592,1
85593,2
85594,2
85595,2
85596,4
85598,2
85599,2
85600,1
85691,0
85692,3
85693,0
85787,4
85788,4
85791,4
85792,4
85816,4
85817,4
85822,3
85823,4
85828,4
85831,1
85832,2
85833,2
85834,2
85835,2
85836,4
85837,2
85838,2
85839,1
85840,2
85950,4
85951,3
85952,4
85953,4
85954,2
85955,4
85956,3
85957,3
85963,1
85966,1
85967,0
85968,3
85973,3
86037,4
86038,4
86039,2
86040,2
86077,3
86081,0
86082,1
86116,2
86117,2
86118,4
86119,3
86140,0
86256,0
86259,1
86262,4
86263,4
86415,2
86416,2
86417,2
86419,4
86441,4
86443,4
86481,1
86482,1
86483,1
86484,1
86485,0
86486,1
86487,1
86562,2
86576,1
86623,4
86634,4
86678,3
86679,4
86680,4
86720,3
86721,0
86724,0
86725,1
86730,3
86761,2
86762,2
86763,3
86788,4
86793,2
86795,2
86799,2
86993,4
87068,4
87069,2
87070,1
87096,1
87097,1
87098,1
87099,1
87100,1
87101,1
87102,1
87103,1
87104,1
87105,1
87106,1
87107,1
87108,1
87121,3
87151,4
87152,4
87153,4
87154,4
87155,4
87157,4
87158,2
87159,2
87160,4
87161,2
87185,4
87186,4
87187,3
87188,2
87189,3
87190,4
87191,3
87192,3
87193,3
87194,3
87237,4
87322,3
87323,3
87324,3
87325,1
87361,2
87362,2
87363,2
87377,1
87430,1
87431,0
87490,4
87639,4
87641,2
87642,4
87643,4
87644,4
87645,4
87965,0
87966,1
87967,3
87968,3
87971,3
87972,1
88428,2
88429,4
88485,1
88486,4
88846,4
88848,1
88854,4
88856,4
88858,4
88860,1
88861,1
88863,4
88864,2
88867,2
88868,4
88869,1
88870,4
88871,2
88872,1
88873,1
88874,1
88875,4
88876,4
88877,2
88878,1
88879,4
88892,4
88899,4
88900,4
88959,4
88960,2
89178,4
89179,2
89192,3
89195,2
89196,3
89212,1
89350,1
89376,1
89441,1
89445,2
89447,4
89456,2
89473,4
89474,1
89477,4
89482,4
89484,3
89485,3
89486,4
89639,2
89704,4
89814,4
89815,2
89816,4
89817,2
89841,4
89843,4
89846,2
89847,2
89848,4
89857,3
89859,4
89860,4
89991,1
89992,1
90027,1
90074,4
90278,0
90526,3
90527,1
90529,3
90530,3
90570,4
90579,3
90582,2
90583,4
90587,2
90589,2
90590,3
90591,2
90592,4
90616,1
90617,1
90618,1
90625,4
90639,4
90652,4
90695,4
90804,0
90824,3
90826,2
90828,1
90982,4
90987,4
90993,2
91081,2
91082,2
91083,2
91084,4
91085,2
91086,2
91087,2
91088,2
91089,2
91092,3
91093,3
91098,1
91102,1
91130,1
91157,2
91158,2
91159,2
91160,1
91161,3
91162,4
91163,4
91164,4
91170,4
91177,1
91178,2
91179,2
91181,3
91182,1
91183,1
91184,1
91185,1
91186,0
91187,1
91205,4
91228,1
91238,2
91306,2
91309,4
91312,2
91315,2
91317,2
91318,0
91319,2
91329,4
91349,3
91443,0
91455,3
91458,3
91459,3
91468,2
91471,4
91619,2
91620,2
91621,4
91622,4
91623,4
91624,2
91625,4
91755,4
91788,0
91790,3
91791,3
91793,3
91796,3
91797,3
91851,4
91868,4
91869,4
91894,4
91897,3
91899,1
91900,2
91933,1
91934,1
91936,3
91937,1
91938,1
91958,3
91960,2
92124,3
92125,4
92129,3
92130,2
92131,1
92206,2
92275,2
92282,4
92283,2
92284,2
92292,3
92366,2
92466,2
92508,4
92535,1
92536,1
92538,3
92539,3
92540,1
92546,4
92548,3
92549,2
92551,2
92554,2
92556,2
92561,4
92562,2
92564,4
92565,0
92573,0
92574,0
92868,4
92872,3
92873,1
92874,1
92878,1
92881,1
92885,3
92886,1
92887,3
92888,3
92889,3
92947,1
92948,0
92949,2
92950,1
92951,1
92952,1
92953,1
92954,1
92955,2
93074,3
93075,3
93076,3
93363,2
93364,1
93518,3
93519,3
93520,3
93521,3
93522,3
93523,3
93704,2
93710,3
93712,1
93716,4
93727,2
93867,4
93868,4
93915,0
93917,3
93918,3
93919,3
93920,1
93921,1
93940,3
93941,0
93942,2
93943,0
93944,2
93950,4
93956,4
93981,2
93983,4
93985,4
93986,4
94026,4
94033,4
94034,4
94035,4
94036,3
94037,1
94038,4
94039,1
94093,4
94099,4
94101,1
94102,3
94263,1
94348,4
94411,1
94414,1
94415,4
94419,4
94422,3
94423,1
94426,2
94449,3
94465,2
94467,3
94468,2
94628,3
94630,3
94631,2
94632,3
94634,3
94635,3
94638,3
94803,2
95189,3
95231,4
95248,4
95249,4
95250,4
95251,4
95308,2
95309,2
95310,3
95452,3
95486,2
95506,4
95535,4
95564,4
95722,3
95724,2
95725,3
95726,1
95727,3
95908,4
95910,4
95911,4
95912,4
95914,4
95915,4
96166,0
96167,0
96168,0
96169,1
96399,4
96400,4
96401,4
96402,4
96403,4
96408,4
96560,4
96627,0
96657,2
96675,4
96678,2
96692,2
96693,1
96694,3
96695,1
96696,3
96697,3
96698,0
96699,0
96718,2
96726,0
96728,0
96729,0
96730,0
96731,0
96738,1
96742,1
96743,3
96759,4
96898,2
96900,4
96901,4
96902,2
96935,4
96936,4
96944,2
96945,2
96946,2
97037,2
97041,4
97043,4
97211,1
97215,3
97216,3
97279,1
97283,3
97285,1
97286,4
97373,0
97374,4
97393,3
97404,1
97406,2
97407,1
97424,2
97540,3
97542,1
97544,2
97545,1
97547,4
97548,4
97568,2
97569,2
97570,2
97585,3
97586,4
97587,3
97588,3
97589,3
97590,3
97690,4
97691,2
97692,1
97697,2
97793,0
97794,2
97813,1
97814,2
97841,2
97844,2
97845,2
97846,2
97847,2
97848,2
97886,4
97887,4
97894,4
97940,3
97958,0
97959,0
97960,1
97961,1
97962,0
97980,4
97986,2
97987,0
97988,2
97989,0
98025,4
98026,3
98028,1
98031,1
98077,4
98202,1
98203,2
98204,2
98205,2
98206,2
98227,2
98228,2
98229,3
98235,1
98236,1
98237,1
98238,4
98251,4
98297,1
98298,2
98299,2
98300,2
98301,2
98302,2
98339,3
98346,2
98348,4
98349,4
98547,3
98548,4
98549,4
98550,4
98551,4
98552,4
98553,4
98554,2
98555,3
98556,4
98557,4
98573,4
98574,4
98575,2
98576,2
98577,2
98578,4
98579,2
98580,2
98581,2
98582,3
98583,2
98584,3
98585,2
98613,4
98617,4
98618,2
98619,4
98620,4
98621,3
98622,4
98623,4
98624,4
98625,4
98626,2
98627,4
98628,4
98655,0
98656,0
98657,0
98666,3
98667,4
98668,4
98669,4
98670,4
98671,4
98680,3
98681,3
98701,4
98770,3
98838,2
99041,4
99093,4
99095,2
99096,2
99135,4
99214,1
99260,4
99261,2
99274,0
99311,4
99313,4
99345,4
99361,3
99362,3
99363,3
99364,3
99368,0
99369,3
99370,3
99371,0
99372,0
99373,3
99374,3
99375,3
99389,3
99390,0
99391,3
99392,3
99393,3
99394,3
99395,3
99411,4
99419,4
99436,4
99437,4
99438,4
99439,4
99440,4
99441,4
99442,4
99501,2
99703,4
99704,4
99707,4
100478,4
100479,4
100480,4
100497,2
100522,2
100535,2
100536,2
100544,2
100549,4
100550,2
100552,1
100745,0
100799,4
100802,4
100835,4
100949,2
100958,2
100959,2
100972,4
100973,4
100975,2
100976,2
101111,3
101112,4
101116,4
101118,4
101119,4
101864,2
101868,2
101873,0
101893,0
101951,4
102092,2
102112,2
102114,4
102195,4
103518,4
103519,1
103520,2
103521,2
103522,2
103523,2
103600,2
103800,2
103808,2
104008,3
104009,3
104010,3
104062,4
104063,2
104064,4
104065,3
104066,4
104067,4
104068,4
104086,4
104227,4
104276,4
104277,4
104278,0
104279,4
104282,2
104283,2
104284,2
104356,3
104357,3
104434,1
104625,2
104668,4
104724,0
104725,1
104779,2
104780,1
105022,2
105119,4
105141,4
105142,4
105144,2
105145,2
105196,0
105408,2
105411,4
105412,2
105413,2
105414,2
105443,2
105450,3
105451,2
105662,1
105664,2
105670,3
105671,2
105672,3
105673,3
105674,1
105682,4
105683,3
105685,0
105712,3
105713,3
105714,3
105715,3
105716,3
105717,3
105718,3
105719,0
105720,2
105722,1
105824,3
105825,2
105826,3
105827,2
105887,3
105890,3
105912,4
105914,3
105915,3
105916,3
105917,3
105918,3
105919,3
105920,3
106274,2
106277,2
106339,3
106342,3
106343,3
106456,2
106457,2
106458,4
106463,4
106465,4
106502,3
106522,1
106562,1
106563,4
106564,1
106566,4
106567,3
106568,1
106569,1
106570,4
106571,1
